timestamp,predicted_pm2_5,predicted_aqi
2026-10-06 00:00:00,83.55,165
2026-10-06 01:00:00,79.72,164
2026-10-06 02:00:00,74.55,161
2026-10-06 03:00:00,72.41,160
2026-10-06 04:00:00,70.81,159
2026-10-06 05:00:00,70.26,159
2026-10-06 06:00:00,69.0,158
2026-10-06 07:00:00,71.26,159
2026-10-06 08:00:00,71.65,159
2026-10-06 09:00:00,80.87,164
2026-10-06 10:00:00,79.86,164
2026-10-06 11:00:00,80.83,164
2026-10-06 12:00:00,78.14,163
2026-10-06 13:00:00,77.87,163
2026-10-06 14:00:00,74.56,161
2026-10-06 15:00:00,67.62,157
2026-10-06 16:00:00,67.49,157
2026-10-06 17:00:00,68.95,158
2026-10-06 18:00:00,78.51,163
2026-10-06 19:00:00,89.02,168
2026-10-06 20:00:00,79.98,164
2026-10-06 21:00:00,73.02,160
2026-10-06 22:00:00,63.47,155
2026-10-06 23:00:00,57.07,152
2026-10-07 00:00:00,47.96,132
2026-10-07 01:00:00,37.88,107
2026-10-07 02:00:00,29.41,87
2026-10-07 03:00:00,27.6,84
2026-10-07 04:00:00,26.45,81
2026-10-07 05:00:00,25.19,79
2026-10-07 06:00:00,25.13,78
2026-10-07 07:00:00,28.64,86
2026-10-07 08:00:00,32.44,94
2026-10-07 09:00:00,33.27,96
2026-10-07 10:00:00,34.77,99
2026-10-07 11:00:00,38.17,108
2026-10-07 12:00:00,38.22,108
2026-10-07 13:00:00,38.39,108
2026-10-07 14:00:00,38.16,108
2026-10-07 15:00:00,40.78,114
2026-10-07 16:00:00,38.2,108
2026-10-07 17:00:00,40.48,113
2026-10-07 18:00:00,49.2,135
2026-10-07 19:00:00,61.86,154
2026-10-07 20:00:00,63.34,155
2026-10-07 21:00:00,66.62,157
2026-10-07 22:00:00,72.62,160
2026-10-07 23:00:00,79.58,163
2026-10-08 00:00:00,78.17,163
2026-10-08 01:00:00,73.26,160
2026-10-08 02:00:00,70.46,159
2026-10-08 03:00:00,65.43,156
2026-10-08 04:00:00,61.82,154
2026-10-08 05:00:00,57.07,152
2026-10-08 06:00:00,54.79,148
2026-10-08 07:00:00,57.95,152
2026-10-08 08:00:00,57.06,152
2026-10-08 09:00:00,48.65,133
2026-10-08 10:00:00,47.84,131
2026-10-08 11:00:00,46.62,128
2026-10-08 12:00:00,41.21,115
2026-10-08 13:00:00,39.06,110
2026-10-08 14:00:00,42.18,117
2026-10-08 15:00:00,39.43,111
2026-10-08 16:00:00,40.95,114
2026-10-08 17:00:00,43.72,121
2026-10-08 18:00:00,51.44,140
2026-10-08 19:00:00,58.59,153
2026-10-08 20:00:00,58.98,153
2026-10-08 21:00:00,59.91,153
2026-10-08 22:00:00,63.91,155
2026-10-08 23:00:00,70.21,159
